customer_id,first_name,last_name,age,gender,city,state,pin_code,phone,email,segment,preferred_language
C0001,Aanya,Bose,29,Female,Kolkata,West Bengal,700328,+919906402157,aanya.bose759@gmail.com,Individual,English
C0002,Ashok,Verma,62,Male,Patna,Bihar,800303,+918801823908,ashok.verma226@rediffmail.com,Family,English
C0003,Anjali,Pandey,34,Female,Jaipur,Rajasthan,302259,+918445662585,anjali.pandey105@gmail.com,Individual,Hindi
C0004,Vivaan,Srivastava,45,Male,Patna,Bihar,800227,+918259191105,vivaan.srivastava850@outlook.com,Family,English
C0005,Rahul,Patel,27,Male,Kolkata,West Bengal,700987,+918947382419,rahul.patel651@outlook.com,Individual,Bengali
C0006,Diya,Nambiar,36,Female,Pune,Maharashtra,411646,+918629748727,diya.nambiar277@yahoo.co.in,Family,Marathi
C0007,Vivaan,Tiwari,25,Male,Indore,Madhya Pradesh,452374,+919436019774,vivaan.tiwari898@outlook.com,Individual,Hindi
C0008,Prisha,Das,56,Female,Chennai,Tamil Nadu,600352,+919510777721,prisha.das439@rediffmail.com,Corporate,English
C0009,Shivam,Singh,61,Male,Hyderabad,Telangana,500256,+919922644564,shivam.singh433@gmail.com,Individual,Telugu
C0010,Mohit,Sharma,55,Male,Hyderabad,Telangana,500798,+919752909971,mohit.sharma349@gmail.com,Individual,English
C0011,Zara,Mukherjee,27,Female,Pune,Maharashtra,411619,+918281810600,zara.mukherjee862@yahoo.co.in,Family,Marathi
C0012,Manisha,Sharma,,Female,Thiruvananthapuram,Kerala,695431,+918558990517,manisha.sharma900@outlook.com,Individual,Malayalam
C0013,Ramesh,Chatterjee,55,Male,Bengaluru,Karnataka,560878,+917551437149,ramesh.chatterjee676@rediffmail.com,Individual,Kannada
C0014,Avni,Kulkarni,40,Female,Ahmedabad,Gujarat,380830,+919884873529,avni.kulkarni666@outlook.com,Individual,English
C0015,Suresh,Verma,35,Male,Surat,Gujarat,395667,+917030884438,suresh.verma73@gmail.com,Corporate,Gujarati
C0016,Ritvik,Bose,55,Male,Bhopal,Madhya Pradesh,462319,+919452611418,ritvik.bose591@rediffmail.com,Individual,Hindi
C0017,Dinesh,Agarwal,47,Male,Chandigarh,Punjab,160533,+917232663462,dinesh.agarwal690@gmail.com,Family,Hindi
C0018,Advait,Shah,29,Male,Patna,Bihar,800559,+918196342297,advait.shah474@yahoo.co.in,Individual,Hindi
C0019,Sara,Singh,21,Female,Patna,Bihar,800956,+918015242176,sara.singh171@rediffmail.com,Individual,Hindi
C0020,Deepak,Sharma,50,Male,Indore,Madhya Pradesh,452371,+919991837720,deepak.sharma981@rediffmail.com,Individual,Hindi
C0021,Ravi,Singh,24,Male,Kochi,Kerala,682158,+919159725924,ravi.singh942@yahoo.co.in,Individual,Malayalam
C0022,Vihaan,Pillai,57,Male,Indore,Madhya Pradesh,452222,+919553440342,vihaan.pillai41@gmail.com,Individual,Hindi
C0023,Avni,Tiwari,46,Female,Kolkata,West Bengal,700371,+919772404776,avni.tiwari308@rediffmail.com,Family,English
C0024,Varun,Reddy,34,Male,Bengaluru,Karnataka,560650,+917568896616,varun.reddy956@outlook.com,Family,Kannada
C0025,Ravi,Ghosh,62,Male,Thiruvananthapuram,Kerala,695926,+919868450609,ravi.ghosh837@outlook.com,Individual,Malayalam
C0026,Reyansh,Deshpande,39,Male,Chennai,Tamil Nadu,600378,+918472659626,reyansh.deshpande209@outlook.com,Individual,Tamil
C0027,Pankaj,Agarwal,21,Male,Jaipur,Rajasthan,302145,+917561866144,pankaj.agarwal653@outlook.com,Individual,Hindi
C0028,Ayaan,Kumar,23,Male,Chennai,Tamil Nadu,600658,+919501859536,ayaan.kumar566@yahoo.co.in,Individual,Tamil
C0029,Aadhya,Mishra,36,Female,Ahmedabad,Gujarat,380798,+918519038154,aadhya.mishra799@rediffmail.com,Family,Gujarati
C0030,Shaurya,Desai,32,Male,Coimbatore,Tamil Nadu,641125,+918426725702,shaurya.desai802@rediffmail.com,Family,Tamil
C0031,Anand,Reddy,23,Male,Indore,Madhya Pradesh,452993,+917955345537,anand.reddy205@rediffmail.com,Family,Hindi
C0032,Dinesh,Shah,38,Male,Indore,Madhya Pradesh,452436,+918198832728,dinesh.shah360@rediffmail.com,Family,Hindi
C0033,Aarush,Desai,23,Male,Surat,Gujarat,395371,+918866437132,aarush.desai354@outlook.com,Corporate,English
C0034,Kiara,Das,,Female,Delhi,Delhi,110825,+919312633708,kiara.das704@yahoo.co.in,Individual,Hindi
C0035,Vikram,Nair,40,Male,Lucknow,Uttar Pradesh,226619,+918400944900,vikram.nair413@outlook.com,Individual,Hindi
C0036,Pradeep,Desai,40,Male,Thiruvananthapuram,Kerala,695682,+917001743499,pradeep.desai312@outlook.com,Family,Malayalam
C0037,Karan,Saxena,51,Male,Ahmedabad,Gujarat,380623,+917728818981,karan.saxena675@gmail.com,Individual,Gujarati
C0038,Shivam,Pillai,33,Male,Lucknow,Uttar Pradesh,226330,+917198486416,shivam.pillai251@rediffmail.com,Family,Hindi
C0039,Preeti,Shah,46,Female,Indore,Madhya Pradesh,452606,+919817747689,preeti.shah705@gmail.com,Family,Hindi
C0040,Riya,Desai,24,Female,Visakhapatnam,Andhra Pradesh,530575,+917521231222,riya.desai468@yahoo.co.in,Individual,Telugu
C0041,Shivam,Saxena,53,Male,Thiruvananthapuram,Kerala,695934,+919353092123,shivam.saxena457@yahoo.co.in,Individual,English
C0042,Pankaj,Bose,61,Male,Visakhapatnam,Andhra Pradesh,530596,+918889238423,pankaj.bose80@outlook.com,Individual,Telugu
C0043,Ishaan,Rao,30,Male,Indore,Madhya Pradesh,452810,+917275860817,ishaan.rao425@rediffmail.com,Individual,English
C0044,Sunita,Shetty,57,Female,Mumbai,Maharashtra,400977,+917025323460,sunita.shetty966@outlook.com,Individual,Marathi
C0045,Komal,Kulkarni,52,Female,Thiruvananthapuram,Kerala,695325,+918871901278,komal.kulkarni498@gmail.com,Individual,Malayalam
C0046,Nisha,Iyer,22,Female,Thiruvananthapuram,Kerala,695646,+919542160120,nisha.iyer578@gmail.com,Individual,Malayalam
C0047,Aarush,Yadav,50,Male,Kochi,Kerala,682316,+918628334692,aarush.yadav285@rediffmail.com,Individual,English
C0048,Rajesh,Rao,62,Male,Bengaluru,Karnataka,560899,+917133272825,rajesh.rao973@yahoo.co.in,Individual,English
C0049,Dinesh,Nair,50,Male,Surat,Gujarat,395323,+918584392711,dinesh.nair172@gmail.com,Individual,Gujarati
C0050,Amit,Hegde,33,Male,Indore,Madhya Pradesh,452506,+919966166331,amit.hegde851@yahoo.co.in,Family,Hindi
C0051,Ira,Hegde,55,Female,Delhi,Delhi,110455,+918591589823,ira.hegde71@outlook.com,Individual,Hindi
C0052,Manoj,Srivastava,32,Male,Chennai,Tamil Nadu,600545,+919793693337,manoj.srivastava277@rediffmail.com,Family,Tamil
C0053,Ritvik,Patel,36,Male,Jaipur,Rajasthan,302561,+919447485590,ritvik.patel625@rediffmail.com,Individual,Hindi
C0054,Rajesh,Das,59,Male,Kochi,Kerala,682386,+918186564497,rajesh.das570@gmail.com,Individual,English
C0055,Mohit,Pillai,52,Male,Bhopal,Madhya Pradesh,462761,+917074059253,mohit.pillai96@outlook.com,Individual,Hindi
C0056,Ajay,Deshpande,48,Male,Visakhapatnam,Andhra Pradesh,530452,+919363900493,ajay.deshpande339@outlook.com,Individual,English
C0057,Advait,Tiwari,55,Male,Hyderabad,Telangana,500860,+919964229896,advait.tiwari190@yahoo.co.in,Individual,Telugu
C0058,Manisha,Nambiar,33,Female,Lucknow,Uttar Pradesh,226202,+918549972386,manisha.nambiar184@outlook.com,Individual,English
C0059,Shalini,Sen,52,Female,Chennai,Tamil Nadu,600753,+917052679490,shalini.sen588@outlook.com,Individual,English
C0060,Ajay,Nair,52,Male,Bengaluru,Karnataka,560510,+919703448716,ajay.nair703@gmail.com,Family,Kannada
C0061,Ritvik,Nair,47,Male,Patna,Bihar,800882,+919656086594,ritvik.nair232@rediffmail.com,Individual,Hindi
C0062,Priya,Hegde,60,Female,Thiruvananthapuram,Kerala,695161,+917426204934,priya.hegde971@yahoo.co.in,Individual,English
C0063,Mohit,Kumar,47,Male,Pune,Maharashtra,411102,+919550399650,mohit.kumar482@outlook.com,Individual,English
C0064,Diya,Rao,61,Female,Jaipur,Rajasthan,302906,+917849627058,diya.rao436@gmail.com,Individual,Hindi
C0065,Diya,Singh,40,Female,Pune,Maharashtra,411911,+919444725646,diya.singh944@outlook.com,Individual,Marathi
C0066,Kian,Mukherjee,49,Male,Patna,Bihar,800605,+917171200764,kian.mukherjee911@rediffmail.com,Individual,English
C0067,Vishal,Hegde,64,Male,Surat,Gujarat,395121,+919474961963,vishal.hegde42@yahoo.co.in,Individual,Gujarati
C0068,Sachin,Agarwal,51,Male,Bhopal,Madhya Pradesh,462193,+918431548670,sachin.agarwal329@gmail.com,Individual,Hindi
C0069,Sanjay,Deshpande,26,Male,Delhi,Delhi,110565,+918388450337,sanjay.deshpande119@rediffmail.com,Family,English
C0070,Nisha,Jain,54,Female,Delhi,Delhi,110292,+919141011556,nisha.jain641@rediffmail.com,Individual,Hindi
C0071,Divya,Chatterjee,61,Female,Hyderabad,Telangana,500129,+918027774780,divya.chatterjee727@yahoo.co.in,Individual,Telugu
C0072,Ayaan,Srivastava,30,Male,Hyderabad,Telangana,500763,+918253535854,ayaan.srivastava522@outlook.com,Individual,Telugu
C0073,Ishaan,Yadav,53,Male,Ahmedabad,Gujarat,380713,+917586298866,ishaan.yadav885@gmail.com,Family,Gujarati
C0074,Deepa,Bose,40,Female,Mumbai,Maharashtra,400389,+919490751945,deepa.bose676@rediffmail.com,Individual,Marathi
C0075,Shivam,Kulkarni,41,Male,Indore,Madhya Pradesh,452566,+919995732958,shivam.kulkarni245@rediffmail.com,Family,English
C0076,Sunita,Yadav,23,Female,Chennai,Tamil Nadu,600607,+919534805646,sunita.yadav340@gmail.com,Individual,Tamil
C0077,Ramesh,Menon,62,Male,Coimbatore,Tamil Nadu,641991,+917321384892,ramesh.menon481@outlook.com,Individual,Tamil
C0078,Komal,Yadav,52,Female,Kochi,Kerala,682741,+917154185462,komal.yadav633@gmail.com,Individual,English
C0079,Sai,Agarwal,61,Male,Hyderabad,Telangana,500878,+917431675310,sai.agarwal455@yahoo.co.in,Corporate,English
C0080,Aarohi,Mishra,30,Female,Chandigarh,Punjab,160541,+918769748771,aarohi.mishra580@yahoo.co.in,Individual,Hindi
C0081,Anvi,Chatterjee,35,Female,Surat,Gujarat,395246,+918090824373,anvi.chatterjee471@outlook.com,Family,Gujarati
C0082,Ravi,Joshi,43,Male,Bengaluru,Karnataka,560552,+918284857706,ravi.joshi655@rediffmail.com,Individual,Kannada
C0083,Shruti,Reddy,57,Female,Kolkata,West Bengal,700490,+918270762239,shruti.reddy717@outlook.com,Family,Bengali
C0084,Vishal,Singh,52,Male,Thiruvananthapuram,Kerala,695863,+918229194523,vishal.singh795@yahoo.co.in,Individual,Malayalam
C0085,Anika,Reddy,49,Female,Delhi,Delhi,110416,+918567067057,anika.reddy750@yahoo.co.in,Individual,Hindi
C0086,Krishna,Kulkarni,53,Male,Chandigarh,Punjab,160643,+917706712922,krishna.kulkarni264@rediffmail.com,Individual,Hindi
C0087,Nisha,Kumar,35,Female,Chennai,Tamil Nadu,600872,+919896552701,nisha.kumar407@outlook.com,Individual,English
C0088,Manoj,Das,61,Male,Surat,Gujarat,395490,+917465342967,manoj.das692@yahoo.co.in,Individual,Gujarati
C0089,Naveen,Rao,50,Male,Bengaluru,Karnataka,560750,+918297896903,naveen.rao665@rediffmail.com,Individual,English
C0090,Ira,Reddy,29,Female,Kolkata,West Bengal,700650,+918593482331,ira.reddy687@rediffmail.com,Family,Bengali
C0091,Pallavi,Kaur,23,Female,Coimbatore,Tamil Nadu,641386,+917933166190,pallavi.kaur455@rediffmail.com,Family,English
C0092,Komal,Mishra,38,Female,Delhi,Delhi,110507,+917524671997,komal.mishra972@rediffmail.com,Individual,Hindi
C0093,Ananya,Pandey,57,Female,Kolkata,West Bengal,700228,+919380304322,ananya.pandey213@yahoo.co.in,Individual,Bengali
C0094,Smita,Sharma,30,Female,Jaipur,Rajasthan,302979,+919320207740,smita.sharma257@yahoo.co.in,Family,English
C0095,Ritvik,Shetty,32,Male,Kochi,Kerala,682116,+917544423789,ritvik.shetty760@rediffmail.com,Family,Malayalam
C0096,Deepa,Shetty,53,Female,Hyderabad,Telangana,500562,+919641863774,deepa.shetty45@outlook.com,Corporate,English
C0097,Sanjay,Agarwal,49,Male,Hyderabad,Telangana,500602,+917346992476,sanjay.agarwal330@yahoo.co.in,Individual,Telugu
C0098,Vikram,Yadav,39,Male,Thiruvananthapuram,Kerala,695643,+919600288277,vikram.yadav441@gmail.com,Individual,Malayalam
C0099,Shalini,Mehta,35,Female,Coimbatore,Tamil Nadu,641562,+918947762953,shalini.mehta409@rediffmail.com,Individual,Tamil
C0100,Ishaan,Banerjee,26,Male,Bengaluru,Karnataka,560193,+917414741061,ishaan.banerjee763@outlook.com,Individual,Kannada
C0101,Suresh,Nair,63,Male,Coimbatore,Tamil Nadu,641462,+918816499958,suresh.nair889@gmail.com,Individual,Tamil
C0102,Dhruv,Menon,27,Male,Bhopal,Madhya Pradesh,462329,+919389142017,dhruv.menon377@gmail.com,Individual,Hindi
C0103,Tanvi,Kaur,59,Female,Patna,Bihar,800126,+919978436070,tanvi.kaur274@gmail.com,Family,Hindi
C0104,Aarav,Desai,63,Male,Chennai,Tamil Nadu,600679,+917609346980,aarav.desai759@gmail.com,Individual,Tamil
C0105,Shaurya,Chauhan,41,Male,Lucknow,Uttar Pradesh,226838,+919437795758,shaurya.chauhan611@gmail.com,Individual,Hindi
C0106,Sai,Bose,48,Male,Nagpur,Maharashtra,440777,+918898565319,sai.bose425@outlook.com,Individual,Marathi
C0107,Vishal,Shetty,63,Male,Bhopal,Madhya Pradesh,462639,+917947119487,,Individual,English
C0108,Aarush,Sen,21,Male,Kochi,Kerala,682222,+918849649210,aarush.sen180@yahoo.co.in,Family,Malayalam
C0109,Neha,Kumar,23,Female,Indore,Madhya Pradesh,452982,+918974629461,neha.kumar944@gmail.com,Individual,Hindi
C0110,Swati,Sen,22,Female,Hyderabad,Telangana,500514,+917738189691,swati.sen821@rediffmail.com,Corporate,English
C0111,Anvi,Agarwal,54,Female,Surat,Gujarat,395510,+918332619083,anvi.agarwal764@outlook.com,Family,English
C0112,Manisha,Mukherjee,43,Female,Ahmedabad,Gujarat,380894,+919772156452,manisha.mukherjee835@yahoo.co.in,Individual,English
C0113,Diya,Desai,57,Female,Bhopal,Madhya Pradesh,462575,+918928033396,diya.desai698@outlook.com,Individual,English
C0114,Karan,Ghosh,24,Male,Jaipur,Rajasthan,302705,+917318646463,karan.ghosh318@rediffmail.com,Individual,Hindi
C0115,Sai,Kaur,45,Male,Thiruvananthapuram,Kerala,695619,+919380770668,sai.kaur978@gmail.com,Family,Malayalam
C0116,Ajay,Mukherjee,49,Male,Chennai,Tamil Nadu,600163,+918475054001,ajay.mukherjee732@gmail.com,Individual,English
C0117,Karan,Patil,31,Male,Visakhapatnam,Andhra Pradesh,530724,+918215018687,karan.patil397@rediffmail.com,Individual,English
C0118,Pooja,Kumar,56,Female,Kochi,Kerala,682196,+918220401982,pooja.kumar259@yahoo.co.in,Individual,English
C0119,Rakesh,Thakur,26,Male,Chennai,Tamil Nadu,600709,+918617825308,rakesh.thakur659@outlook.com,Individual,Tamil
C0120,Manisha,Patel,,Female,Coimbatore,Tamil Nadu,641620,+918326569692,manisha.patel185@yahoo.co.in,Family,English
C0121,Prisha,Kumar,27,Female,Lucknow,Uttar Pradesh,226964,+919318297747,prisha.kumar856@gmail.com,Family,Hindi
C0122,Ishaan,Joshi,65,Male,Pune,Maharashtra,411951,+917710985298,ishaan.joshi739@rediffmail.com,Individual,Marathi
C0123,Tanvi,Sen,55,Female,Nagpur,Maharashtra,440339,+919014406658,tanvi.sen926@yahoo.co.in,Corporate,Marathi
C0124,Rahul,Yadav,47,Male,Visakhapatnam,Andhra Pradesh,530640,+917857695227,rahul.yadav821@yahoo.co.in,Individual,Telugu
C0125,Reyansh,Patil,26,Male,Hyderabad,Telangana,500391,+918171629709,reyansh.patil461@yahoo.co.in,Individual,Telugu
C0126,Neha,Verma,46,Female,Coimbatore,Tamil Nadu,641154,+918012659111,neha.verma396@gmail.com,Individual,Tamil
C0127,Pooja,Menon,39,Female,Chennai,Tamil Nadu,600139,+919029178475,pooja.menon713@yahoo.co.in,Individual,Tamil
C0128,Aanya,Das,30,Female,Ahmedabad,Gujarat,380955,+919615120114,aanya.das541@rediffmail.com,Individual,Gujarati
C0129,Anil,Kaur,28,Male,Nagpur,Maharashtra,440164,+919146750150,anil.kaur612@gmail.com,Individual,Marathi
C0130,Aarav,Kaur,57,Male,Chandigarh,Punjab,160346,+919853453016,aarav.kaur685@gmail.com,Individual,Hindi
C0131,Gaurav,Deshpande,51,Male,Mumbai,Maharashtra,400499,+918661642599,gaurav.deshpande383@outlook.com,Individual,English
C0132,Dinesh,Reddy,42,Male,Surat,Gujarat,395852,+918513112872,dinesh.reddy560@outlook.com,Individual,Gujarati
C0133,Anand,Banerjee,29,Male,Pune,Maharashtra,411930,+918965718821,anand.banerjee38@outlook.com,Family,Marathi
C0134,Amit,Mukherjee,55,Male,Indore,Madhya Pradesh,452934,+917157284993,amit.mukherjee772@yahoo.co.in,Family,English
C0135,Meera,Nair,46,Female,Chandigarh,Punjab,160547,+918660626647,meera.nair348@yahoo.co.in,Individual,Hindi
C0136,Sai,Agarwal,59,Male,Bengaluru,Karnataka,560540,+917775054695,sai.agarwal559@outlook.com,Individual,Kannada
C0137,Ashok,Agarwal,49,Male,Pune,Maharashtra,411806,+917181914018,ashok.agarwal745@outlook.com,Individual,Marathi
C0138,Ananya,Kumar,53,Female,Indore,Madhya Pradesh,452472,+919918046336,ananya.kumar164@gmail.com,Individual,Hindi
C0139,Vihaan,Pillai,45,Male,Chandigarh,Punjab,160470,+917139093888,vihaan.pillai620@yahoo.co.in,Corporate,Hindi
C0140,Preeti,Iyer,46,Female,Visakhapatnam,Andhra Pradesh,530475,+918196963451,preeti.iyer256@gmail.com,Individual,Telugu
C0141,Ira,Das,49,Female,Jaipur,Rajasthan,302820,+919627992499,ira.das293@rediffmail.com,Individual,English
C0142,Vijay,Saxena,64,Male,Bengaluru,Karnataka,560929,+918372619017,vijay.saxena684@outlook.com,Individual,English
C0143,Shaurya,Desai,35,Male,Chandigarh,Punjab,160620,+917863204110,shaurya.desai812@yahoo.co.in,Individual,Hindi
C0144,Nikhil,Deshpande,26,Male,Chennai,Tamil Nadu,600726,+918710084067,nikhil.deshpande735@rediffmail.com,Family,Tamil
C0145,Vikram,Kumar,64,Male,Nagpur,Maharashtra,440577,+917551192946,vikram.kumar900@yahoo.co.in,Individual,Marathi
C0146,Ira,Patil,31,Female,Chennai,Tamil Nadu,600411,+917968387506,ira.patil355@outlook.com,Individual,Tamil
C0147,Krishna,Ghosh,26,Male,Thiruvananthapuram,Kerala,695646,+917724285673,krishna.ghosh607@yahoo.co.in,Individual,Malayalam
C0148,Varun,Gupta,23,Male,Mumbai,Maharashtra,400183,+919477213586,varun.gupta272@yahoo.co.in,Individual,Marathi
C0149,Pankaj,Kulkarni,40,Male,Lucknow,Uttar Pradesh,226757,+919942013255,pankaj.kulkarni416@outlook.com,Individual,English
C0150,Nikhil,Mehta,30,Male,Kochi,Kerala,682721,+918371453454,nikhil.mehta752@outlook.com,Individual,Malayalam
C0151,Vikram,Pillai,38,Male,Nagpur,Maharashtra,440225,+917605064858,vikram.pillai100@gmail.com,Individual,Marathi
C0152,Shaurya,Tiwari,41,Male,Surat,Gujarat,395838,+917684370461,shaurya.tiwari511@rediffmail.com,Individual,English
C0153,Deepa,Srivastava,58,Female,Kolkata,West Bengal,700320,+917217069388,deepa.srivastava289@rediffmail.com,Family,Bengali
C0154,Aarav,Reddy,37,Male,Coimbatore,Tamil Nadu,641237,+918731963069,aarav.reddy375@gmail.com,Individual,English
C0155,Vihaan,Yadav,56,Male,Visakhapatnam,Andhra Pradesh,530561,+919676802207,vihaan.yadav697@gmail.com,Individual,Telugu
C0156,Shalini,Chauhan,59,Female,Chennai,Tamil Nadu,600303,+919147818256,shalini.chauhan42@gmail.com,Family,Tamil
C0157,Ishaan,Nambiar,41,Male,Visakhapatnam,Andhra Pradesh,530243,+918368076065,ishaan.nambiar167@rediffmail.com,Family,English
C0158,Gaurav,Kulkarni,57,Male,Bhopal,Madhya Pradesh,462825,+917071455195,gaurav.kulkarni378@outlook.com,Corporate,Hindi
C0159,Aanya,Nambiar,62,Female,Bhopal,Madhya Pradesh,462371,+919484528348,aanya.nambiar592@yahoo.co.in,Individual,English
C0160,Tanvi,Yadav,64,Female,Chennai,Tamil Nadu,600941,+919459170565,tanvi.yadav971@gmail.com,Individual,Tamil
C0161,Dhruv,Jain,60,Male,Visakhapatnam,Andhra Pradesh,530893,+917267496095,dhruv.jain723@yahoo.co.in,Individual,Telugu
C0162,Deepak,Tiwari,55,Male,Pune,Maharashtra,411570,+918521651018,deepak.tiwari693@outlook.com,Individual,English
C0163,Kabir,Ghosh,34,Male,Lucknow,Uttar Pradesh,226821,+919100252248,kabir.ghosh325@rediffmail.com,Corporate,Hindi
C0164,Ayaan,Hegde,46,Male,Patna,Bihar,800488,+917629110165,ayaan.hegde298@gmail.com,Family,Hindi
C0165,Aarush,Banerjee,55,Male,Ahmedabad,Gujarat,380306,+919413849014,aarush.banerjee713@outlook.com,Individual,Gujarati
C0166,Dinesh,Patil,35,Male,Kolkata,West Bengal,700753,+918775115854,dinesh.patil339@rediffmail.com,Family,English
C0167,Shaurya,Jain,62,Male,Bhopal,Madhya Pradesh,462588,+918233708056,shaurya.jain329@outlook.com,Corporate,English
C0168,Ravi,Gupta,32,Male,Pune,Maharashtra,411527,+917156078445,ravi.gupta857@rediffmail.com,Individual,Marathi
C0169,Aarohi,Gupta,57,Female,Mumbai,Maharashtra,400405,+918438994940,aarohi.gupta292@rediffmail.com,Individual,Marathi
C0170,Deepa,Srivastava,28,Female,Jaipur,Rajasthan,302297,+918971022633,deepa.srivastava664@outlook.com,Individual,Hindi
C0171,Vishal,Shah,61,Male,Pune,Maharashtra,411725,+918836971472,vishal.shah528@outlook.com,Individual,English
C0172,Vikram,Pillai,45,Male,Mumbai,Maharashtra,400367,+918146731886,vikram.pillai977@outlook.com,Family,English
C0173,Anvi,Singh,40,Female,Hyderabad,Telangana,500576,+919946663769,anvi.singh515@outlook.com,Individual,Telugu
C0174,Kabir,Rao,30,Male,Chennai,Tamil Nadu,600589,+919601628976,kabir.rao383@rediffmail.com,Corporate,Tamil
C0175,Avni,Pillai,26,Female,Thiruvananthapuram,Kerala,695994,+919268486276,avni.pillai721@outlook.com,Individual,English
C0176,Gaurav,Shah,30,Male,Surat,Gujarat,395649,+919234849897,gaurav.shah453@gmail.com,Family,Gujarati
C0177,Divya,Singh,53,Female,Nagpur,Maharashtra,440235,+919421980125,divya.singh60@rediffmail.com,Individual,English
C0178,Aarav,Mehta,23,Male,Surat,Gujarat,395174,+917273846739,aarav.mehta555@gmail.com,Individual,Gujarati
C0179,Anil,Desai,62,Male,Chennai,Tamil Nadu,600884,+919774036963,anil.desai987@rediffmail.com,Family,Tamil
C0180,Sunita,Yadav,63,Female,Bengaluru,Karnataka,560799,+917571186857,sunita.yadav670@outlook.com,Corporate,Kannada
C0181,Kabir,Sharma,50,Male,Mumbai,Maharashtra,400405,+919338374929,kabir.sharma435@rediffmail.com,Individual,Marathi
C0182,Ramesh,Nair,63,Male,Delhi,Delhi,110928,+917067198189,ramesh.nair247@yahoo.co.in,Individual,Hindi
C0183,Ananya,Pillai,49,Female,Delhi,Delhi,110511,+917933164135,ananya.pillai773@gmail.com,Corporate,English
C0184,Preeti,Tiwari,64,Female,Surat,Gujarat,395712,+918017495081,preeti.tiwari310@yahoo.co.in,Individual,Gujarati
C0185,Mohit,Shetty,64,Male,Pune,Maharashtra,411741,+919128675098,mohit.shetty49@outlook.com,Individual,Marathi
C0186,Anil,Jain,45,Male,Chennai,Tamil Nadu,600407,+919310384304,anil.jain485@yahoo.co.in,Individual,Tamil
C0187,Ananya,Deshpande,56,Female,Coimbatore,Tamil Nadu,641526,+918668247132,ananya.deshpande249@outlook.com,Individual,Tamil
C0188,Myra,Kulkarni,38,Female,Ahmedabad,Gujarat,380152,+919598323977,myra.kulkarni618@gmail.com,Individual,Gujarati
C0189,Shalini,Mehta,42,Female,Bhopal,Madhya Pradesh,462313,+917065857791,shalini.mehta217@yahoo.co.in,Individual,Hindi
C0190,Ritvik,Nambiar,36,Male,Ahmedabad,Gujarat,380506,+918215730003,ritvik.nambiar390@rediffmail.com,Individual,English
C0191,Pranav,Srivastava,51,Male,Hyderabad,Telangana,500922,+918375391482,pranav.srivastava937@yahoo.co.in,Individual,Telugu
C0192,Ishaan,Verma,58,Male,Jaipur,Rajasthan,302666,+918793484162,ishaan.verma303@yahoo.co.in,Individual,Hindi
C0193,Mohit,Pandey,52,Male,Jaipur,Rajasthan,302881,+919756056675,mohit.pandey758@rediffmail.com,Family,Hindi
C0194,Ravi,Chatterjee,62,Male,Pune,Maharashtra,411655,+919250324141,ravi.chatterjee35@gmail.com,Individual,Marathi
C0195,Pankaj,Rao,,Male,Bengaluru,Karnataka,560824,+919172106337,pankaj.rao467@outlook.com,Individual,Kannada
C0196,Pallavi,Verma,56,Female,Mumbai,Maharashtra,400644,+917071838242,pallavi.verma543@outlook.com,Individual,Marathi
C0197,Anjali,Desai,54,Female,Hyderabad,Telangana,500198,+917824341906,anjali.desai635@outlook.com,Individual,Telugu
C0198,Sanjay,Srivastava,65,Male,Surat,Gujarat,395349,+919937936410,sanjay.srivastava848@gmail.com,Family,Gujarati
C0199,Deepak,Yadav,24,Male,Patna,Bihar,800587,+917736086849,deepak.yadav85@rediffmail.com,Individual,Hindi
C0200,Sara,Patil,34,Female,Delhi,Delhi,110335,+919973353078,sara.patil909@rediffmail.com,Corporate,Hindi
C0201,Ravi,Hegde,,Male,Delhi,Delhi,110283,+917889737338,ravi.hegde602@yahoo.co.in,Family,Hindi
C0202,Shaurya,Hegde,45,Male,Kolkata,West Bengal,700680,+919321697981,shaurya.hegde340@rediffmail.com,Individual,Bengali
C0203,Deepa,Mishra,48,Female,Delhi,Delhi,110200,+917326495888,deepa.mishra349@rediffmail.com,Individual,Hindi
C0204,Divya,Chatterjee,56,Female,Kolkata,West Bengal,700464,+918854772804,divya.chatterjee191@rediffmail.com,Individual,Bengali
C0205,Myra,Bose,61,Female,Chennai,Tamil Nadu,600489,+918673413661,myra.bose325@outlook.com,Individual,Tamil
C0206,Kian,Reddy,32,Male,Chennai,Tamil Nadu,600189,+919392232487,kian.reddy569@rediffmail.com,Individual,Tamil
C0207,Vikram,Yadav,47,Male,Mumbai,Maharashtra,400398,+917363781647,vikram.yadav743@yahoo.co.in,Individual,Marathi
C0208,Amit,Bose,25,Male,Bhopal,Madhya Pradesh,462249,+918185247208,amit.bose432@outlook.com,Individual,English
C0209,Pankaj,Chatterjee,33,Male,Thiruvananthapuram,Kerala,695731,+917581923103,pankaj.chatterjee312@gmail.com,Individual,Malayalam
C0210,Pooja,Saxena,62,Female,Kochi,Kerala,682540,+917584650163,pooja.saxena308@outlook.com,Individual,Malayalam
C0211,Sanjay,Tiwari,65,Male,Lucknow,Uttar Pradesh,226852,+919473382684,sanjay.tiwari801@yahoo.co.in,Individual,Hindi
C0212,Varun,Shah,32,Male,Surat,Gujarat,395658,+919362657890,varun.shah28@rediffmail.com,Individual,Gujarati
C0213,Diya,Jain,61,Female,Bhopal,Madhya Pradesh,462242,+918085259583,diya.jain675@yahoo.co.in,Family,English
C0214,Shruti,Shetty,53,Female,Indore,Madhya Pradesh,452647,+919970866955,shruti.shetty429@gmail.com,Individual,Hindi
C0215,Pankaj,Patel,36,Male,Hyderabad,Telangana,500887,+918524751277,pankaj.patel171@gmail.com,Individual,Telugu
C0216,Pooja,Agarwal,27,Female,Hyderabad,Telangana,500110,+919193337732,pooja.agarwal765@yahoo.co.in,Individual,Telugu
C0217,Gaurav,Menon,51,Male,Chandigarh,Punjab,160125,+918786600854,gaurav.menon943@gmail.com,Corporate,English
C0218,Nikhil,Mehta,43,Male,Visakhapatnam,Andhra Pradesh,530594,+918881908383,nikhil.mehta740@rediffmail.com,Individual,Telugu
C0219,Suresh,Reddy,36,Male,Pune,Maharashtra,411858,+919370436671,suresh.reddy164@outlook.com,Corporate,English
C0220,Atharv,Desai,22,Male,Coimbatore,Tamil Nadu,641505,+917847501988,atharv.desai461@rediffmail.com,Family,English
C0221,Diya,Hegde,55,Female,Hyderabad,Telangana,500918,+918400094541,diya.hegde202@rediffmail.com,Individual,Telugu
C0222,Sneha,Nambiar,46,Female,Indore,Madhya Pradesh,452725,+918494324956,sneha.nambiar361@rediffmail.com,Family,Hindi
C0223,Naveen,Shetty,29,Male,Bengaluru,Karnataka,560788,+918024662077,naveen.shetty313@gmail.com,Individual,Kannada
C0224,Krishna,Hegde,32,Male,Indore,Madhya Pradesh,452533,+919308026394,krishna.hegde711@yahoo.co.in,Individual,English
C0225,Karan,Kaur,43,Male,Delhi,Delhi,110986,+919081379485,karan.kaur140@yahoo.co.in,Corporate,Hindi
C0226,Vishal,Chatterjee,49,Male,Coimbatore,Tamil Nadu,641827,+917355067637,vishal.chatterjee579@gmail.com,Individual,English
C0227,Rahul,Joshi,52,Male,Nagpur,Maharashtra,440679,+917486237535,rahul.joshi587@gmail.com,Individual,Marathi
C0228,Shivam,Gupta,34,Male,Nagpur,Maharashtra,440659,+917439875261,shivam.gupta754@yahoo.co.in,Corporate,Marathi
C0229,Sai,Saxena,36,Male,Hyderabad,Telangana,500894,+919525113890,sai.saxena706@outlook.com,Individual,Telugu
C0230,Avni,Mehta,43,Female,Delhi,Delhi,110683,+919563484242,avni.mehta552@yahoo.co.in,Family,English
C0231,Gaurav,Reddy,47,Male,Chennai,Tamil Nadu,600868,+918191095508,gaurav.reddy888@yahoo.co.in,Individual,English
C0232,Ritvik,Thakur,57,Male,Bhopal,Madhya Pradesh,462245,+919696435541,ritvik.thakur425@rediffmail.com,Individual,Hindi
C0233,Gaurav,Bose,52,Male,Chandigarh,Punjab,160565,+917010621799,gaurav.bose890@gmail.com,Individual,Hindi
C0234,Vihaan,Kulkarni,48,Male,Indore,Madhya Pradesh,452323,+919124784519,vihaan.kulkarni275@outlook.com,Individual,Hindi
C0235,Pranav,Pandey,27,Male,Delhi,Delhi,110147,+918973888646,pranav.pandey17@gmail.com,Individual,Hindi
C0236,Anjali,Shah,40,Female,Chennai,Tamil Nadu,600765,+918176904638,anjali.shah96@outlook.com,Individual,Tamil
C0237,Sanjay,Ghosh,62,Male,Kolkata,West Bengal,700539,+917408810792,sanjay.ghosh2@yahoo.co.in,Individual,English
C0238,Saanvi,Sharma,28,Female,Kochi,Kerala,682936,+918813824517,saanvi.sharma711@yahoo.co.in,Individual,English
C0239,Sara,Tiwari,29,Female,Chandigarh,Punjab,160406,+917571858688,sara.tiwari657@yahoo.co.in,Individual,Hindi
C0240,Rajesh,Mehta,60,Male,Chennai,Tamil Nadu,600521,+917933058809,rajesh.mehta89@gmail.com,Individual,Tamil
C0241,Rohit,Tiwari,38,Male,Chennai,Tamil Nadu,600353,+918065869250,rohit.tiwari567@outlook.com,Individual,Tamil
C0242,Priya,Mehta,53,Female,Visakhapatnam,Andhra Pradesh,530721,+918682557807,priya.mehta303@gmail.com,Family,English
C0243,Ritvik,Chatterjee,54,Male,Thiruvananthapuram,Kerala,695172,+917051827414,ritvik.chatterjee370@outlook.com,Family,Malayalam
C0244,Vishal,Desai,,Male,Bhopal,Madhya Pradesh,462888,+917290050198,vishal.desai15@outlook.com,Corporate,Hindi
C0245,Rahul,Mukherjee,65,Male,Coimbatore,Tamil Nadu,641533,+919751086697,rahul.mukherjee550@yahoo.co.in,Individual,Tamil
C0246,Ishaan,Kulkarni,58,Male,Kochi,Kerala,682500,+919791039531,ishaan.kulkarni698@gmail.com,Individual,Malayalam
C0247,Ritvik,Patel,50,Male,Coimbatore,Tamil Nadu,641218,+917236346130,ritvik.patel317@yahoo.co.in,Family,Tamil
C0248,Rajesh,Patil,37,Male,Visakhapatnam,Andhra Pradesh,530901,+917545162815,rajesh.patil768@outlook.com,Individual,Telugu
C0249,Rohit,Bose,37,Male,Visakhapatnam,Andhra Pradesh,530165,+919476700066,rohit.bose643@gmail.com,Individual,English
C0250,Navya,Chauhan,27,Female,Pune,Maharashtra,411361,+919895325210,navya.chauhan741@gmail.com,Individual,English
C0251,Anvi,Gupta,45,Female,Bhopal,Madhya Pradesh,462472,+917768631342,anvi.gupta954@gmail.com,Corporate,Hindi
C0252,Vikram,Pillai,41,Male,Coimbatore,Tamil Nadu,641837,+917334522402,vikram.pillai586@outlook.com,Individual,English
C0253,Harsh,Gupta,50,Male,Indore,Madhya Pradesh,452170,+918334436786,harsh.gupta336@gmail.com,Individual,English
C0254,Amit,Kaur,44,Male,Kolkata,West Bengal,700575,+919118967967,amit.kaur792@yahoo.co.in,Individual,Bengali
C0255,Anil,Verma,43,Male,Kolkata,West Bengal,700654,+919978391464,anil.verma899@gmail.com,Individual,Bengali
C0256,Priya,Reddy,36,Female,Ahmedabad,Gujarat,380642,+917257247382,priya.reddy996@yahoo.co.in,Individual,Gujarati
C0257,Manisha,Jain,26,Female,Chandigarh,Punjab,160569,+919170795726,manisha.jain137@rediffmail.com,Individual,Hindi
C0258,Anvi,Sen,41,Female,Jaipur,Rajasthan,302971,+918687718878,anvi.sen718@outlook.com,Individual,English
C0259,Tushar,Shetty,27,Male,Hyderabad,Telangana,500259,+919001691476,tushar.shetty322@rediffmail.com,Individual,Telugu
C0260,Nikhil,Das,31,Male,Hyderabad,Telangana,500192,+918306593403,nikhil.das847@gmail.com,Family,English
C0261,Neha,Thakur,64,Female,Visakhapatnam,Andhra Pradesh,530150,+917746756255,neha.thakur32@rediffmail.com,Individual,Telugu
C0262,Reyansh,Iyer,24,Male,Hyderabad,Telangana,500112,+917954720281,reyansh.iyer134@yahoo.co.in,Individual,Telugu
C0263,Rashmi,Shetty,25,Female,Jaipur,Rajasthan,302932,+917276905285,rashmi.shetty203@rediffmail.com,Individual,Hindi
C0264,Ira,Gupta,31,Female,Nagpur,Maharashtra,440151,+918860392455,ira.gupta842@rediffmail.com,Individual,Marathi
C0265,Atharv,Bose,30,Male,Jaipur,Rajasthan,302556,+919659343022,atharv.bose632@yahoo.co.in,Individual,Hindi
C0266,Sai,Bose,47,Male,Indore,Madhya Pradesh,452240,+919258354191,sai.bose256@gmail.com,Family,Hindi
C0267,Pranav,Mishra,41,Male,Surat,Gujarat,395614,+917772303297,pranav.mishra27@outlook.com,Individual,Gujarati
C0268,Ajay,Patil,58,Male,Chandigarh,Punjab,160885,+917685583357,ajay.patil103@yahoo.co.in,Individual,Hindi
C0269,Ananya,Rao,45,Female,Surat,Gujarat,395966,+917746087503,ananya.rao181@yahoo.co.in,Family,Gujarati
C0270,Aanya,Mishra,30,Female,Surat,Gujarat,395677,+917808457424,aanya.mishra857@rediffmail.com,Individual,English
C0271,Ashok,Rao,,Male,Mumbai,Maharashtra,400639,+919637688758,ashok.rao207@yahoo.co.in,Individual,Marathi
C0272,Ananya,Verma,30,Female,Chennai,Tamil Nadu,600700,+919260419271,ananya.verma882@outlook.com,Individual,Tamil
C0273,Reyansh,Pandey,29,Male,Lucknow,Uttar Pradesh,226430,+918876335418,reyansh.pandey811@rediffmail.com,Individual,Hindi
C0274,Tanvi,Mishra,58,Female,Kolkata,West Bengal,700781,+918625147377,tanvi.mishra315@outlook.com,Family,Bengali
C0275,Rekha,Hegde,59,Female,Delhi,Delhi,110286,+919625862062,rekha.hegde227@gmail.com,Individual,Hindi
C0276,Vikram,Joshi,63,Male,Bengaluru,Karnataka,560941,+918442032976,vikram.joshi458@gmail.com,Individual,English
C0277,Reyansh,Sharma,49,Male,Delhi,Delhi,110495,+917714418166,reyansh.sharma906@rediffmail.com,Individual,Hindi
C0278,Ajay,Hegde,49,Male,Kolkata,West Bengal,700266,+917143506818,ajay.hegde302@gmail.com,Corporate,English
C0279,Deepak,Joshi,26,Male,Bengaluru,Karnataka,560660,+919635584024,deepak.joshi915@rediffmail.com,Individual,Kannada
C0280,Anjali,Joshi,42,Female,Delhi,Delhi,110203,+917815976168,anjali.joshi420@outlook.com,Individual,English
C0281,Mohit,Chatterjee,,Male,Chennai,Tamil Nadu,600155,+917376360931,mohit.chatterjee302@rediffmail.com,Individual,English
C0282,Sai,Banerjee,46,Male,Hyderabad,Telangana,500415,+919839145425,sai.banerjee272@gmail.com,Individual,Telugu
C0283,Atharv,Saxena,49,Male,Delhi,Delhi,110369,+917971703178,atharv.saxena858@outlook.com,Individual,Hindi
C0284,Dinesh,Mishra,58,Male,Patna,Bihar,800523,+917261923195,dinesh.mishra861@rediffmail.com,Individual,Hindi
C0285,Shruti,Hegde,40,Female,Kolkata,West Bengal,700587,+917149157745,shruti.hegde515@yahoo.co.in,Family,English
C0286,Avni,Shah,48,Female,Chennai,Tamil Nadu,600143,+919934001543,avni.shah446@yahoo.co.in,Individual,Tamil
C0287,Ramesh,Kumar,56,Male,Bengaluru,Karnataka,560497,+918400703953,ramesh.kumar878@outlook.com,Corporate,English
C0288,Rashmi,Patil,47,Female,Coimbatore,Tamil Nadu,641215,+919433502391,rashmi.patil603@gmail.com,Individual,English
C0289,Ravi,Mishra,45,Male,Coimbatore,Tamil Nadu,641370,+919456821088,ravi.mishra624@rediffmail.com,Individual,English
C0290,Rekha,Gupta,65,Female,Indore,Madhya Pradesh,452439,+919041046587,rekha.gupta943@outlook.com,Individual,Hindi
C0291,Kian,Chatterjee,35,Male,Hyderabad,Telangana,500989,+918903145590,kian.chatterjee793@outlook.com,Individual,Telugu
C0292,Dhruv,Jain,54,Male,Bhopal,Madhya Pradesh,462877,+917241402174,dhruv.jain528@yahoo.co.in,Family,Hindi
C0293,Manisha,Hegde,33,Female,Mumbai,Maharashtra,400277,+917862114934,manisha.hegde858@gmail.com,Individual,Marathi
C0294,Meera,Chauhan,46,Female,Nagpur,Maharashtra,440617,+917532029870,meera.chauhan698@gmail.com,Individual,Marathi
C0295,Shruti,Shetty,43,Female,Patna,Bihar,800458,+918110935906,shruti.shetty767@gmail.com,Individual,English
C0296,Dhruv,Rao,34,Male,Kolkata,West Bengal,700793,+918758820024,dhruv.rao526@gmail.com,Corporate,Bengali
C0297,Krishna,Desai,21,Male,Thiruvananthapuram,Kerala,695920,+919612817084,krishna.desai825@outlook.com,Family,English
C0298,Neha,Srivastava,50,Female,Jaipur,Rajasthan,302323,+919236122747,neha.srivastava845@rediffmail.com,Individual,Hindi
C0299,Kavita,Deshpande,39,Female,Thiruvananthapuram,Kerala,695723,+917464305421,kavita.deshpande494@gmail.com,Individual,Malayalam
C0300,Rakesh,Ghosh,54,Male,Ahmedabad,Gujarat,380253,+917243845356,rakesh.ghosh825@rediffmail.com,Individual,Gujarati
C0301,Aarohi,Das,45,Female,Coimbatore,Tamil Nadu,641514,+919504067741,aarohi.das726@yahoo.co.in,Family,Tamil
C0302,Shruti,Mishra,31,Female,Visakhapatnam,Andhra Pradesh,530407,+919397657114,shruti.mishra186@outlook.com,Individual,English
C0303,Pari,Pandey,43,Female,Bengaluru,Karnataka,560327,+918318921193,pari.pandey431@outlook.com,Individual,Kannada
C0304,Aditya,Shetty,25,Male,Surat,Gujarat,395735,+917835559278,aditya.shetty513@gmail.com,Individual,English
C0305,Ishaan,Iyer,47,Male,Ahmedabad,Gujarat,380450,+918965254350,ishaan.iyer147@outlook.com,Individual,English
C0306,Atharv,Tiwari,49,Male,Delhi,Delhi,110104,+917724156214,atharv.tiwari591@yahoo.co.in,Family,English
C0307,Anjali,Thakur,,Female,Coimbatore,Tamil Nadu,641588,+919292578829,anjali.thakur205@outlook.com,Family,Tamil
C0308,Arjun,Sharma,65,Male,Kolkata,West Bengal,700331,+918340426053,arjun.sharma133@gmail.com,Individual,English
C0309,Priya,Sen,54,Female,Nagpur,Maharashtra,440845,+918450990916,priya.sen445@yahoo.co.in,Corporate,Marathi
C0310,Sanjay,Verma,29,Male,Kolkata,West Bengal,700329,+917094116768,sanjay.verma604@yahoo.co.in,Family,Bengali
C0311,Pankaj,Das,24,Male,Patna,Bihar,800738,+917205988231,pankaj.das678@gmail.com,Individual,Hindi
C0312,Deepak,Nair,51,Male,Patna,Bihar,800358,+917882593929,deepak.nair712@gmail.com,Individual,Hindi
C0313,Ashok,Iyer,27,Male,Coimbatore,Tamil Nadu,641950,+919652992543,ashok.iyer121@outlook.com,Individual,English
C0314,Aarush,Patil,47,Male,Ahmedabad,Gujarat,380466,+917169246232,aarush.patil562@rediffmail.com,Individual,Gujarati
C0315,Aarav,Patel,57,Male,Hyderabad,Telangana,500955,+917640570713,aarav.patel973@gmail.com,Individual,Telugu
C0316,Riya,Srivastava,50,Female,Lucknow,Uttar Pradesh,226370,+917750338556,riya.srivastava896@gmail.com,Individual,Hindi
C0317,Ayaan,Reddy,29,Male,Delhi,Delhi,110109,+917732344664,ayaan.reddy337@outlook.com,Corporate,English
C0318,Kavita,Pandey,46,Female,Pune,Maharashtra,411216,+918960818751,kavita.pandey279@rediffmail.com,Individual,Marathi
C0319,Navya,Nair,24,Female,Chennai,Tamil Nadu,600812,+917684598046,navya.nair107@rediffmail.com,Individual,Tamil
C0320,Naveen,Yadav,22,Male,Chandigarh,Punjab,160726,+917561160362,naveen.yadav495@rediffmail.com,Individual,English
C0321,Vikram,Sharma,57,Male,Visakhapatnam,Andhra Pradesh,530885,+917962007876,vikram.sharma979@outlook.com,Individual,Telugu
C0322,Ramesh,Pillai,63,Male,Bhopal,Madhya Pradesh,462454,+918653032484,ramesh.pillai153@gmail.com,Corporate,Hindi
C0323,Pranav,Joshi,52,Male,Bengaluru,Karnataka,560869,+918421182517,pranav.joshi994@outlook.com,Individual,Kannada
C0324,Ritvik,Patel,57,Male,Nagpur,Maharashtra,440554,+919140852855,ritvik.patel458@outlook.com,Individual,Marathi
C0325,Anil,Gupta,21,Male,Patna,Bihar,800662,+919595033294,anil.gupta987@outlook.com,Individual,Hindi
C0326,Suresh,Chauhan,35,Male,Delhi,Delhi,110936,+918425811567,suresh.chauhan574@rediffmail.com,Individual,Hindi
C0327,Dinesh,Rao,43,Male,Mumbai,Maharashtra,400449,+918254059868,dinesh.rao561@outlook.com,Individual,English
C0328,Vijay,Jain,60,Male,Hyderabad,Telangana,500360,+917518599264,vijay.jain953@rediffmail.com,Family,English
C0329,Shivam,Jain,64,Male,Delhi,Delhi,110748,+918934902523,shivam.jain469@yahoo.co.in,Individual,Hindi
C0330,Rohit,Shetty,32,Male,Bhopal,Madhya Pradesh,462620,+917745822208,rohit.shetty749@yahoo.co.in,Individual,Hindi
C0331,Deepak,Jain,36,Male,Thiruvananthapuram,Kerala,695809,+918472567340,deepak.jain994@outlook.com,Individual,Malayalam
C0332,Deepa,Ghosh,41,Female,Patna,Bihar,800981,+919377614706,deepa.ghosh648@yahoo.co.in,Individual,English
C0333,Vishal,Iyer,55,Male,Pune,Maharashtra,411615,+918384617549,vishal.iyer728@gmail.com,Individual,Marathi
C0334,Swati,Kulkarni,48,Female,Lucknow,Uttar Pradesh,226998,+919245108207,swati.kulkarni110@gmail.com,Individual,English
C0335,Shaurya,Sen,24,Male,Jaipur,Rajasthan,302249,+918267619081,shaurya.sen209@gmail.com,Individual,Hindi
C0336,Shalini,Rao,36,Female,Patna,Bihar,800498,+919989849148,shalini.rao295@gmail.com,Individual,Hindi
C0337,Sneha,Deshpande,37,Female,Delhi,Delhi,110113,+918902944754,sneha.deshpande850@yahoo.co.in,Family,Hindi
C0338,Komal,Nambiar,33,Female,Ahmedabad,Gujarat,380894,+917762038402,komal.nambiar700@gmail.com,Individual,Gujarati
C0339,Rohit,Bose,29,Male,Patna,Bihar,800370,+918095286033,rohit.bose6@outlook.com,Corporate,English
C0340,Smita,Singh,63,Female,Thiruvananthapuram,Kerala,695963,+919459628934,smita.singh564@outlook.com,Family,Malayalam
C0341,Manisha,Kumar,47,Female,Visakhapatnam,Andhra Pradesh,530263,+918732663107,manisha.kumar95@outlook.com,Individual,Telugu
C0342,Dhruv,Kaur,56,Male,Visakhapatnam,Andhra Pradesh,530586,+919788722772,dhruv.kaur10@gmail.com,Individual,Telugu
C0343,Tanvi,Pillai,41,Female,Delhi,Delhi,110798,+917486937758,tanvi.pillai396@outlook.com,Individual,Hindi
C0344,Kavita,Mukherjee,52,Female,Visakhapatnam,Andhra Pradesh,530556,+919798292304,kavita.mukherjee198@outlook.com,Corporate,English
C0345,Komal,Kulkarni,25,Female,Mumbai,Maharashtra,400741,+919703744107,komal.kulkarni793@yahoo.co.in,Individual,English
C0346,Anand,Agarwal,64,Male,Bengaluru,Karnataka,560864,+918972357370,anand.agarwal735@outlook.com,Individual,English
C0347,Vihaan,Hegde,47,Male,Kolkata,West Bengal,700364,+919706762540,vihaan.hegde415@rediffmail.com,Individual,English
C0348,Ramesh,Kaur,58,Male,Bengaluru,Karnataka,560874,+917311769311,ramesh.kaur367@gmail.com,Individual,Kannada
C0349,Karan,Yadav,63,Male,Indore,Madhya Pradesh,452941,+917671404204,karan.yadav547@yahoo.co.in,Individual,Hindi
C0350,Pankaj,Menon,62,Male,Lucknow,Uttar Pradesh,226793,+917047889782,pankaj.menon567@yahoo.co.in,Individual,Hindi
C0351,Sai,Ghosh,43,Male,Ahmedabad,Gujarat,380866,+919774254671,sai.ghosh872@yahoo.co.in,Individual,Gujarati
C0352,Atharv,Hegde,56,Male,Delhi,Delhi,110971,+919360791536,atharv.hegde75@outlook.com,Individual,English
C0353,Suresh,Mishra,62,Male,Chennai,Tamil Nadu,600787,+918224654701,suresh.mishra635@gmail.com,Individual,Tamil
C0354,Priya,Shetty,57,Female,Chennai,Tamil Nadu,600679,+918358640560,priya.shetty982@rediffmail.com,Individual,Tamil
C0355,Anjali,Bose,64,Female,Chandigarh,Punjab,160237,+919061386599,anjali.bose474@rediffmail.com,Individual,Hindi
C0356,Ashok,Patel,29,Male,Jaipur,Rajasthan,302979,+917843668735,ashok.patel270@gmail.com,Family,Hindi
C0357,Rashmi,Shetty,58,Female,Indore,Madhya Pradesh,452887,+917157437641,rashmi.shetty565@outlook.com,Corporate,Hindi
C0358,Kavita,Thakur,58,Female,Kolkata,West Bengal,700890,+918249831874,kavita.thakur138@rediffmail.com,Individual,Bengali
C0359,Ritvik,Kaur,53,Male,Pune,Maharashtra,411875,+917683855081,ritvik.kaur184@yahoo.co.in,Individual,Marathi
C0360,Pranav,Rao,44,Male,Bengaluru,Karnataka,560370,+919871553289,pranav.rao212@outlook.com,Corporate,Kannada
C0361,Rakesh,Tiwari,54,Male,Hyderabad,Telangana,500820,+918174653422,rakesh.tiwari855@outlook.com,Individual,Telugu
C0362,Sachin,Kumar,45,Male,Visakhapatnam,Andhra Pradesh,530357,+917957345013,sachin.kumar529@rediffmail.com,Family,Telugu
C0363,Ashok,Sharma,49,Male,Visakhapatnam,Andhra Pradesh,530242,+917331091398,ashok.sharma527@outlook.com,Individual,Telugu
C0364,Ira,Rao,42,Female,Coimbatore,Tamil Nadu,641930,+919068098256,ira.rao692@rediffmail.com,Individual,Tamil
C0365,Ritvik,Gupta,58,Male,Chennai,Tamil Nadu,600687,+919703855522,ritvik.gupta525@gmail.com,Individual,English
C0366,Manisha,Thakur,,Female,Thiruvananthapuram,Kerala,695677,+919842173377,manisha.thakur842@outlook.com,Individual,Malayalam
C0367,Ajay,Joshi,47,Male,Kolkata,West Bengal,700950,+919502446090,ajay.joshi841@yahoo.co.in,Individual,English
C0368,Nisha,Nambiar,35,Female,Surat,Gujarat,395170,+917567851370,nisha.nambiar112@gmail.com,Family,Gujarati
C0369,Ishaan,Nambiar,51,Male,Hyderabad,Telangana,500281,+919576180666,ishaan.nambiar40@gmail.com,Individual,Telugu
C0370,Aarav,Agarwal,44,Male,Visakhapatnam,Andhra Pradesh,530530,+919996353041,aarav.agarwal543@rediffmail.com,Family,Telugu
C0371,Sachin,Hegde,29,Male,Hyderabad,Telangana,500535,+917998635233,sachin.hegde932@gmail.com,Family,Telugu
C0372,Vijay,Sharma,28,Male,Surat,Gujarat,395635,+918610741069,vijay.sharma671@yahoo.co.in,Individual,Gujarati
C0373,Rakesh,Shetty,55,Male,Jaipur,Rajasthan,302367,+918570429425,rakesh.shetty627@outlook.com,Individual,English
C0374,Mohit,Banerjee,56,Male,Pune,Maharashtra,411479,+918089966667,mohit.banerjee315@outlook.com,Individual,English
C0375,Ira,Rao,65,Female,Nagpur,Maharashtra,440901,+917430693397,ira.rao220@rediffmail.com,Family,Marathi
C0376,Ananya,Joshi,21,Female,Indore,Madhya Pradesh,452751,+917624180869,ananya.joshi483@rediffmail.com,Individual,Hindi
C0377,Sunita,Thakur,54,Female,Thiruvananthapuram,Kerala,695771,+919566125120,sunita.thakur59@yahoo.co.in,Individual,English
C0378,Manisha,Sen,59,Female,Ahmedabad,Gujarat,380134,+919999818762,manisha.sen238@yahoo.co.in,Individual,Gujarati
C0379,Myra,Bose,63,Female,Indore,Madhya Pradesh,452461,+919517195150,myra.bose206@gmail.com,Individual,English
C0380,Mohit,Shetty,38,Male,Chandigarh,Punjab,160455,+917835479352,mohit.shetty466@rediffmail.com,Individual,Hindi
C0381,Vihaan,Mukherjee,28,Male,Lucknow,Uttar Pradesh,226448,+918106784665,vihaan.mukherjee898@outlook.com,Corporate,Hindi
C0382,Pooja,Srivastava,22,Female,Nagpur,Maharashtra,440700,+918107327477,pooja.srivastava70@rediffmail.com,Corporate,Marathi
C0383,Vikram,Jain,,Male,Chandigarh,Punjab,160628,+918131078331,vikram.jain255@outlook.com,Individual,Hindi
C0384,Atharv,Banerjee,34,Male,Kochi,Kerala,682462,+918155671697,atharv.banerjee188@yahoo.co.in,Individual,Malayalam
C0385,Avni,Rao,36,Female,Ahmedabad,Gujarat,380954,+918529125930,avni.rao160@gmail.com,Individual,Gujarati
C0386,Aarav,Kulkarni,51,Male,Delhi,Delhi,110968,+918354705301,aarav.kulkarni505@outlook.com,Corporate,Hindi
C0387,Kabir,Hegde,54,Male,Chennai,Tamil Nadu,600155,+919054369077,kabir.hegde963@gmail.com,Individual,Tamil
C0388,Ayaan,Patil,,Male,Nagpur,Maharashtra,440423,+919895250612,ayaan.patil216@rediffmail.com,Individual,Marathi
C0389,Mohit,Das,51,Male,Kolkata,West Bengal,700375,+918473588088,mohit.das375@yahoo.co.in,Individual,Bengali
C0390,Sanjay,Bose,57,Male,Nagpur,Maharashtra,440284,+919473440423,sanjay.bose703@yahoo.co.in,Family,Marathi
C0391,Deepak,Shah,30,Male,Chennai,Tamil Nadu,600919,+917041842844,deepak.shah181@rediffmail.com,Corporate,Tamil
C0392,Ramesh,Tiwari,37,Male,Bhopal,Madhya Pradesh,462407,+919438830691,ramesh.tiwari49@rediffmail.com,Individual,English
C0393,Pankaj,Reddy,42,Male,Nagpur,Maharashtra,440862,+918547504991,pankaj.reddy574@outlook.com,Individual,Marathi
C0394,Smita,Shah,62,Female,Surat,Gujarat,395689,+917749638562,smita.shah800@outlook.com,Individual,Gujarati
C0395,Myra,Yadav,50,Female,Thiruvananthapuram,Kerala,695393,+917622118862,myra.yadav890@yahoo.co.in,Corporate,Malayalam
C0396,Rekha,Kumar,42,Female,Bengaluru,Karnataka,560265,+918360981688,rekha.kumar669@outlook.com,Individual,Kannada
C0397,Kavita,Shetty,47,Female,Visakhapatnam,Andhra Pradesh,530561,+917099218439,kavita.shetty129@yahoo.co.in,Corporate,Telugu
C0398,Shaurya,Thakur,25,Male,Hyderabad,Telangana,500197,+919032317504,shaurya.thakur562@gmail.com,Individual,Telugu
C0399,Aarush,Kaur,62,Male,Chennai,Tamil Nadu,600186,+918674376708,aarush.kaur317@yahoo.co.in,Individual,Tamil
C0400,Shaurya,Verma,43,Male,Delhi,Delhi,110779,+918396729008,shaurya.verma885@rediffmail.com,Family,Hindi
C0401,Krishna,Kulkarni,59,Male,Pune,Maharashtra,411705,+919730959828,krishna.kulkarni899@rediffmail.com,Individual,Marathi
C0402,Ravi,Rao,40,Male,Bengaluru,Karnataka,560552,+918115862756,ravi.rao160@outlook.com,Individual,Kannada
C0403,Rahul,Banerjee,65,Male,Patna,Bihar,800108,+919048987473,rahul.banerjee307@gmail.com,Family,Hindi
C0404,Shalini,Chauhan,56,Female,Ahmedabad,Gujarat,380521,+918073295668,shalini.chauhan168@rediffmail.com,Individual,English
C0405,Manisha,Kaur,62,Female,Jaipur,Rajasthan,302391,+918154581796,manisha.kaur423@yahoo.co.in,Individual,English
C0406,Tanvi,Saxena,60,Female,Jaipur,Rajasthan,302817,+918377154307,tanvi.saxena20@yahoo.co.in,Individual,English
C0407,Kian,Iyer,21,Male,Nagpur,Maharashtra,440844,+917647181551,kian.iyer16@rediffmail.com,Individual,Marathi
C0408,Manoj,Srivastava,26,Male,Delhi,Delhi,110438,+917627442454,manoj.srivastava58@outlook.com,Individual,Hindi
C0409,Aarush,Yadav,36,Male,Mumbai,Maharashtra,400224,+918902502763,aarush.yadav254@gmail.com,Family,English
C0410,Avni,Banerjee,40,Female,Indore,Madhya Pradesh,452797,+917681230929,avni.banerjee645@gmail.com,Individual,English
C0411,Amit,Shah,63,Male,Chandigarh,Punjab,160153,+917485024047,amit.shah242@rediffmail.com,Individual,English
C0412,Ritvik,Sharma,65,Male,Delhi,Delhi,110695,+919560712271,ritvik.sharma159@outlook.com,Individual,Hindi
C0413,Pooja,Singh,62,Female,Delhi,Delhi,110464,+919303619991,pooja.singh811@gmail.com,Individual,Hindi
C0414,Neha,Saxena,65,Female,Ahmedabad,Gujarat,380121,+917578670284,neha.saxena257@gmail.com,Individual,English
C0415,Kiara,Hegde,43,Female,Pune,Maharashtra,411656,+919011740002,kiara.hegde282@yahoo.co.in,Individual,English
C0416,Manoj,Srivastava,61,Male,Mumbai,Maharashtra,400894,+917796863703,manoj.srivastava905@gmail.com,Individual,Marathi
C0417,Vihaan,Kulkarni,54,Male,Indore,Madhya Pradesh,452294,+919368536195,vihaan.kulkarni158@outlook.com,Individual,English
C0418,Vihaan,Gupta,23,Male,Chennai,Tamil Nadu,600282,+919084649514,vihaan.gupta197@gmail.com,Individual,Tamil
C0419,Naveen,Shetty,44,Male,Jaipur,Rajasthan,302150,+917304401362,naveen.shetty14@yahoo.co.in,Corporate,Hindi
C0420,Pankaj,Singh,47,Male,Chandigarh,Punjab,160671,+917250396691,pankaj.singh844@outlook.com,Family,Hindi
C0421,Dhruv,Patil,35,Male,Hyderabad,Telangana,500203,+917813726301,dhruv.patil198@yahoo.co.in,Corporate,Telugu
C0422,Pradeep,Reddy,64,Male,Surat,Gujarat,395466,+919857194152,pradeep.reddy438@gmail.com,Individual,Gujarati
C0423,Shaurya,Kulkarni,43,Male,Thiruvananthapuram,Kerala,695553,+919362581359,shaurya.kulkarni333@outlook.com,Individual,Malayalam
C0424,Ritvik,Hegde,45,Male,Patna,Bihar,800319,+918091304489,ritvik.hegde369@rediffmail.com,Individual,Hindi
C0425,Smita,Verma,,Female,Visakhapatnam,Andhra Pradesh,530238,+917952996130,smita.verma220@outlook.com,Family,Telugu
C0426,Mohit,Mukherjee,57,Male,Patna,Bihar,800684,+917162076186,mohit.mukherjee472@outlook.com,Individual,Hindi
C0427,Aarush,Ghosh,46,Male,Bengaluru,Karnataka,560684,+917933885988,aarush.ghosh752@gmail.com,Family,English
C0428,Preeti,Reddy,40,Female,Thiruvananthapuram,Kerala,695757,+919475119635,preeti.reddy391@gmail.com,Corporate,Malayalam
C0429,Anjali,Jain,35,Female,Hyderabad,Telangana,500990,+919586865814,anjali.jain951@gmail.com,Individual,English
C0430,Vikram,Kulkarni,41,Male,Surat,Gujarat,395253,+917948316671,vikram.kulkarni157@gmail.com,Corporate,Gujarati
C0431,Preeti,Mukherjee,48,Female,Bengaluru,Karnataka,560327,+918693601838,preeti.mukherjee152@yahoo.co.in,Individual,Kannada
C0432,Aarush,Patel,48,Male,Indore,Madhya Pradesh,452613,+917559957102,aarush.patel781@yahoo.co.in,Individual,Hindi
C0433,Mohit,Kaur,36,Male,Visakhapatnam,Andhra Pradesh,530352,+918847118259,mohit.kaur332@gmail.com,Individual,Telugu
C0434,Rajesh,Nambiar,40,Male,Mumbai,Maharashtra,400888,+918502020490,rajesh.nambiar632@rediffmail.com,Individual,Marathi
C0435,Vishal,Chauhan,26,Male,Chennai,Tamil Nadu,600875,+917234238999,vishal.chauhan249@yahoo.co.in,Family,English
C0436,Ira,Ghosh,22,Female,Nagpur,Maharashtra,440582,+919310715848,ira.ghosh217@yahoo.co.in,Family,Marathi
C0437,Prisha,Verma,63,Female,Indore,Madhya Pradesh,452696,+918097176652,prisha.verma175@gmail.com,Family,Hindi
C0438,Rakesh,Sharma,63,Male,Bengaluru,Karnataka,560497,+919835109520,rakesh.sharma369@gmail.com,Family,Kannada
C0439,Deepak,Mukherjee,52,Male,Hyderabad,Telangana,500423,+919283035614,deepak.mukherjee91@yahoo.co.in,Corporate,Telugu
C0440,Aadhya,Pillai,42,Female,Visakhapatnam,Andhra Pradesh,530412,+917674332429,aadhya.pillai19@outlook.com,Individual,Telugu
C0441,Deepa,Bose,37,Female,Delhi,Delhi,110740,+917126555049,deepa.bose967@outlook.com,Individual,Hindi
C0442,Ramesh,Yadav,60,Male,Visakhapatnam,Andhra Pradesh,530794,+919948595172,ramesh.yadav233@rediffmail.com,Individual,Telugu
C0443,Pooja,Saxena,34,Female,Patna,Bihar,800234,+919495507871,pooja.saxena555@yahoo.co.in,Individual,Hindi
C0444,Krishna,Agarwal,57,Male,Chennai,Tamil Nadu,600771,+918363635846,krishna.agarwal70@gmail.com,Family,English
C0445,Vikram,Jain,49,Male,Coimbatore,Tamil Nadu,641410,+919735238728,vikram.jain956@outlook.com,Individual,English
C0446,Naveen,Kaur,57,Male,Jaipur,Rajasthan,302720,+919561349676,naveen.kaur238@yahoo.co.in,Individual,Hindi
C0447,Gaurav,Nambiar,62,Male,Bhopal,Madhya Pradesh,462829,+918664129261,gaurav.nambiar504@rediffmail.com,Individual,English
C0448,Saanvi,Bose,63,Female,Coimbatore,Tamil Nadu,641327,+917878587567,saanvi.bose68@yahoo.co.in,Corporate,Tamil
C0449,Vikram,Srivastava,46,Male,Kolkata,West Bengal,700537,+919611039285,vikram.srivastava753@rediffmail.com,Individual,Bengali
C0450,Ravi,Patil,27,Male,Delhi,Delhi,110633,+917182174975,ravi.patil899@yahoo.co.in,Individual,Hindi
C0451,Harsh,Singh,49,Male,Ahmedabad,Gujarat,380398,+918308050094,harsh.singh793@outlook.com,Individual,Gujarati
C0452,Harsh,Menon,62,Male,Nagpur,Maharashtra,440949,+919150308852,harsh.menon116@yahoo.co.in,Corporate,Marathi
C0453,Anil,Tiwari,32,Male,Nagpur,Maharashtra,440125,+917867291356,anil.tiwari904@rediffmail.com,Individual,Marathi
C0454,Navya,Nair,49,Female,Bengaluru,Karnataka,560216,+917366388824,navya.nair537@rediffmail.com,Corporate,Kannada
C0455,Mohit,Yadav,31,Male,Delhi,Delhi,110886,+919428767813,mohit.yadav893@yahoo.co.in,Individual,Hindi
C0456,Amit,Ghosh,61,Male,Nagpur,Maharashtra,440395,+917565093275,,Family,English
C0457,Pranav,Kulkarni,52,Male,Mumbai,Maharashtra,400722,+919529144430,pranav.kulkarni676@rediffmail.com,Individual,Marathi
C0458,Mohit,Bose,56,Male,Thiruvananthapuram,Kerala,695743,+917891796718,mohit.bose51@yahoo.co.in,Individual,English
C0459,Preeti,Nambiar,26,Female,Lucknow,Uttar Pradesh,226439,+918790816346,preeti.nambiar183@yahoo.co.in,Individual,Hindi
C0460,Mohit,Desai,58,Male,Nagpur,Maharashtra,440867,+917153931824,mohit.desai96@outlook.com,Family,Marathi
C0461,Shalini,Kumar,29,Female,Lucknow,Uttar Pradesh,226582,+918178618666,shalini.kumar338@rediffmail.com,Individual,Hindi
C0462,Ramesh,Patil,65,Male,Bengaluru,Karnataka,560595,+918233460089,ramesh.patil438@outlook.com,Individual,Kannada
C0463,Tanvi,Hegde,61,Female,Bhopal,Madhya Pradesh,462632,+917772695667,tanvi.hegde905@yahoo.co.in,Corporate,English
C0464,Pankaj,Nair,60,Male,Ahmedabad,Gujarat,380918,+918778293161,pankaj.nair47@outlook.com,Family,English
C0465,Aarohi,Das,40,Female,Bengaluru,Karnataka,560415,+918391242279,aarohi.das786@gmail.com,Individual,Kannada
C0466,Arjun,Desai,42,Male,Ahmedabad,Gujarat,380438,+919057754346,arjun.desai939@rediffmail.com,Individual,Gujarati
C0467,Komal,Pandey,47,Female,Nagpur,Maharashtra,440902,+917240613868,komal.pandey856@outlook.com,Individual,Marathi
C0468,Varun,Pandey,30,Male,Chandigarh,Punjab,160167,+917133887735,varun.pandey348@rediffmail.com,Family,Hindi
C0469,Ashok,Nair,41,Male,Lucknow,Uttar Pradesh,226822,+918166072514,ashok.nair424@gmail.com,Individual,Hindi
C0470,Avni,Patil,28,Female,Lucknow,Uttar Pradesh,226279,+917160610438,avni.patil797@yahoo.co.in,Individual,English
C0471,Gaurav,Menon,51,Male,Ahmedabad,Gujarat,380448,+919248964968,gaurav.menon318@outlook.com,Family,Gujarati
C0472,Anika,Mehta,45,Female,Delhi,Delhi,110570,+919243454164,anika.mehta119@gmail.com,Individual,Hindi
C0473,Pooja,Srivastava,54,Female,Delhi,Delhi,110205,+918342094845,pooja.srivastava24@outlook.com,Individual,English
C0474,Ravi,Tiwari,28,Male,Nagpur,Maharashtra,440787,+917676440254,ravi.tiwari281@gmail.com,Individual,Marathi
C0475,Rajesh,Deshpande,30,Male,Kochi,Kerala,682377,+918216625499,rajesh.deshpande588@yahoo.co.in,Individual,Malayalam
C0476,Aditya,Iyer,64,Male,Mumbai,Maharashtra,400582,+918647547914,aditya.iyer56@gmail.com,Individual,Marathi
C0477,Anand,Saxena,40,Male,Thiruvananthapuram,Kerala,695464,+917851035458,anand.saxena731@gmail.com,Family,Malayalam
C0478,Anand,Srivastava,40,Male,Hyderabad,Telangana,500566,+918998863011,anand.srivastava482@yahoo.co.in,Individual,Telugu
C0479,Manoj,Thakur,63,Male,Pune,Maharashtra,411816,+918394838271,manoj.thakur465@rediffmail.com,Individual,Marathi
C0480,Shaurya,Sen,57,Male,Chandigarh,Punjab,160718,+917442090475,shaurya.sen416@gmail.com,Individual,Hindi
C0481,Sanjay,Shetty,60,Male,Coimbatore,Tamil Nadu,641344,+917682986933,sanjay.shetty998@rediffmail.com,Individual,Tamil
C0482,Rohit,Hegde,65,Male,Kochi,Kerala,682657,+919845897967,rohit.hegde686@gmail.com,Family,Malayalam
C0483,Ashok,Srivastava,27,Male,Kochi,Kerala,682668,+917756661586,ashok.srivastava316@rediffmail.com,Individual,Malayalam
C0484,Sunita,Tiwari,63,Female,Bhopal,Madhya Pradesh,462760,+917934635444,sunita.tiwari837@yahoo.co.in,Corporate,Hindi
C0485,Ishaan,Menon,39,Male,Nagpur,Maharashtra,440644,+919482196541,ishaan.menon458@yahoo.co.in,Family,English
C0486,Priya,Agarwal,,Female,Chandigarh,Punjab,160191,+919192253856,priya.agarwal414@yahoo.co.in,Individual,Hindi
C0487,Saanvi,Deshpande,39,Female,Chandigarh,Punjab,160212,+918010353136,saanvi.deshpande443@rediffmail.com,Family,Hindi
C0488,Dhruv,Desai,33,Male,Bhopal,Madhya Pradesh,462242,+918547424693,dhruv.desai861@rediffmail.com,Corporate,Hindi
C0489,Vihaan,Verma,52,Male,Chennai,Tamil Nadu,600838,+917583152392,vihaan.verma87@yahoo.co.in,Individual,Tamil
C0490,Smita,Agarwal,50,Female,Thiruvananthapuram,Kerala,695284,+919371036817,smita.agarwal840@rediffmail.com,Individual,Malayalam
C0491,Pranav,Pillai,47,Male,Visakhapatnam,Andhra Pradesh,530375,+919475414520,pranav.pillai376@gmail.com,Individual,Telugu
C0492,Ajay,Patel,54,Male,Chennai,Tamil Nadu,600847,+918200101356,ajay.patel477@gmail.com,Individual,English
C0493,Diya,Kulkarni,60,Female,Surat,Gujarat,395419,+918475519583,diya.kulkarni548@gmail.com,Individual,Gujarati
C0494,Swati,Mishra,31,Female,Lucknow,Uttar Pradesh,226396,+919566829299,swati.mishra768@outlook.com,Individual,English
C0495,Shaurya,Hegde,39,Male,Delhi,Delhi,110772,+919681421120,shaurya.hegde28@outlook.com,Individual,English
C0496,Zara,Iyer,38,Female,Thiruvananthapuram,Kerala,695387,+917061001449,zara.iyer760@gmail.com,Corporate,Malayalam
C0497,Kavita,Desai,65,Female,Jaipur,Rajasthan,302901,+917776569551,kavita.desai819@gmail.com,Individual,English
C0498,Prisha,Chatterjee,45,Female,Coimbatore,Tamil Nadu,641888,+918890580203,prisha.chatterjee744@yahoo.co.in,Family,Tamil
C0499,Ira,Singh,46,Female,Pune,Maharashtra,411575,+919045547915,ira.singh765@yahoo.co.in,Family,Marathi
C0500,Rohit,Sharma,49,Male,Lucknow,Uttar Pradesh,226916,+918355872317,rohit.sharma985@gmail.com,Individual,Hindi
